{"train/loss": 0.0126, "train/grad_norm": 0.3833378255367279, "train/learning_rate": 0.0, "train/epoch": 5.0, "train/global_step": 250, "_timestamp": 1711777753.7473729, "_runtime": 134.49815797805786, "_step": 10, "eval/loss": 0.007723734248429537, "eval/accuracy": 0.9981060606060606, "eval/runtime": 6.4046, "eval/samples_per_second": 247.324, "eval/steps_per_second": 7.807, "train_runtime": 136.336, "train_samples_per_second": 58.092, "train_steps_per_second": 1.834, "total_flos": 1041929134202880.0, "train_loss": 0.14138374280929566}