{"train/loss": 0.0165, "train/grad_norm": 5.719809532165527, "train/learning_rate": 0.0, "train/epoch": 5.0, "train/global_step": 250, "_timestamp": 1711829036.8899298, "_runtime": 148.86001086235046, "_step": 10, "eval/loss": 0.004502263385802507, "eval/accuracy": 1.0, "eval/runtime": 7.1742, "eval/samples_per_second": 220.791, "eval/steps_per_second": 6.969, "train_runtime": 150.5362, "train_samples_per_second": 52.612, "train_steps_per_second": 1.661, "total_flos": 1041929134202880.0, "train_loss": 0.40475514698028564}